query_id,query,category,method,profile,source_filter,top_k,relevant_count,hits,precision_at_k,recall_at_k,mrr,ndcg_at_k,retrieved_refs,hit_refs
eq001,"I'm looking for a dataset that includes historical earthquake records with magnitude, depth, and location information over time, preferably covering multiple countries.",earth_science,semantic,english_e5,all,5,3,2,0.4,0.6666666666666666,1.0,0.7039180890341347,thomasr25/global-events-quakeml-m3-last-5-years | lerobot/libero | darkmatternet/global-earthquake-history-1m-since-1900 | lerobot/svla_so101_pickplace | Nikity/Epstein-Files,thomasr25/global-events-quakeml-m3-last-5-years | darkmatternet/global-earthquake-history-1m-since-1900
eq001,"I'm looking for a dataset that includes historical earthquake records with magnitude, depth, and location information over time, preferably covering multiple countries.",earth_science,bm25,english_e5,all,5,3,3,0.6,1.0,1.0,0.9674679834891693,darkmatternet/global-earthquake-history-1m-since-1900 | thomasr25/global-events-quakeml-m3-last-5-years | shebilmsp/youtube-trending-dataset-updated-daily | bwandowando/earthquakes-around-the-world-from-1900-2025 | sethdowden/portland-or-building-permit-data,darkmatternet/global-earthquake-history-1m-since-1900 | thomasr25/global-events-quakeml-m3-last-5-years | bwandowando/earthquakes-around-the-world-from-1900-2025
eq001,"I'm looking for a dataset that includes historical earthquake records with magnitude, depth, and location information over time, preferably covering multiple countries.",earth_science,hybrid,english_e5,all,5,3,3,0.6,1.0,1.0,1.0,darkmatternet/global-earthquake-history-1m-since-1900 | thomasr25/global-events-quakeml-m3-last-5-years | bwandowando/earthquakes-around-the-world-from-1900-2025 | lerobot/libero | lerobot/svla_so101_pickplace,darkmatternet/global-earthquake-history-1m-since-1900 | thomasr25/global-events-quakeml-m3-last-5-years | bwandowando/earthquakes-around-the-world-from-1900-2025
eq002,"Is there any dataset that tracks seismic activity worldwide, including aftershocks and tectonic plate movements?",earth_science,semantic,english_e5,all,5,3,2,0.4,0.6666666666666666,0.5,0.49818925746641285,mh0386/seismic-detection-across-the-solar-system | thomasr25/global-events-quakeml-m3-last-5-years | adamnik/event_detection_dataset | bwandowando/earthquakes-around-the-world-from-1900-2025 | sankalp102/albone-dataset,thomasr25/global-events-quakeml-m3-last-5-years | bwandowando/earthquakes-around-the-world-from-1900-2025
eq002,"Is there any dataset that tracks seismic activity worldwide, including aftershocks and tectonic plate movements?",earth_science,bm25,english_e5,all,5,3,1,0.2,0.3333333333333333,1.0,0.46927872602275644,darkmatternet/global-earthquake-history-1m-since-1900 | tiagoadrianunes/last-fm-global-trends | maharshipandya/spotify-tracks-dataset | mh0386/seismic-detection-across-the-solar-system | pankajbatra0405/abnormal-activity-dataset,darkmatternet/global-earthquake-history-1m-since-1900
eq002,"Is there any dataset that tracks seismic activity worldwide, including aftershocks and tectonic plate movements?",earth_science,hybrid,english_e5,all,5,3,2,0.4,0.6666666666666666,1.0,0.7039180890341347,darkmatternet/global-earthquake-history-1m-since-1900 | mh0386/seismic-detection-across-the-solar-system | thomasr25/global-events-quakeml-m3-last-5-years | pankajbatra0405/abnormal-activity-dataset | sankalp102/albone-dataset,darkmatternet/global-earthquake-history-1m-since-1900 | thomasr25/global-events-quakeml-m3-last-5-years
eq003,I need a dataset containing earthquake events along with timestamps and geographic coordinates so I can analyze spatial patterns.,earth_science,semantic,english_e5,all,5,3,2,0.4,0.6666666666666666,1.0,0.7653606369886217,thomasr25/global-events-quakeml-m3-last-5-years | darkmatternet/global-earthquake-history-1m-since-1900 | adamnik/event_detection_dataset | lerobot/svla_so101_pickplace | lerobot/libero,thomasr25/global-events-quakeml-m3-last-5-years | darkmatternet/global-earthquake-history-1m-since-1900
eq003,I need a dataset containing earthquake events along with timestamps and geographic coordinates so I can analyze spatial patterns.,earth_science,bm25,english_e5,all,5,3,2,0.4,0.6666666666666666,1.0,0.7039180890341347,darkmatternet/global-earthquake-history-1m-since-1900 | rebrowser/seatgeek-dataset | thomasr25/global-events-quakeml-m3-last-5-years | zsoltlazar/automated-deepstatemap-occupied-areas | asaniczka/public-opinion-on-republicans-daily-updated,darkmatternet/global-earthquake-history-1m-since-1900 | thomasr25/global-events-quakeml-m3-last-5-years
eq003,I need a dataset containing earthquake events along with timestamps and geographic coordinates so I can analyze spatial patterns.,earth_science,hybrid,english_e5,all,5,3,3,0.6,1.0,1.0,1.0,darkmatternet/global-earthquake-history-1m-since-1900 | thomasr25/global-events-quakeml-m3-last-5-years | bwandowando/earthquakes-around-the-world-from-1900-2025 | zsoltlazar/automated-deepstatemap-occupied-areas | adamnik/event_detection_dataset,darkmatternet/global-earthquake-history-1m-since-1900 | thomasr25/global-events-quakeml-m3-last-5-years | bwandowando/earthquakes-around-the-world-from-1900-2025
eq004,Are there publicly available datasets that include both major and minor earthquake occurrences with detailed seismic measurements?,earth_science,semantic,english_e5,all,5,3,2,0.4,0.6666666666666666,0.3333333333333333,0.4367467095119258,mh0386/seismic-detection-across-the-solar-system | lerobot/libero | thomasr25/global-events-quakeml-m3-last-5-years | bwandowando/earthquakes-around-the-world-from-1900-2025 | Sakil/DPO_dataset,thomasr25/global-events-quakeml-m3-last-5-years | bwandowando/earthquakes-around-the-world-from-1900-2025
eq004,Are there publicly available datasets that include both major and minor earthquake occurrences with detailed seismic measurements?,earth_science,bm25,english_e5,all,5,3,2,0.4,0.6666666666666666,1.0,0.7039180890341347,darkmatternet/global-earthquake-history-1m-since-1900 | mh0386/seismic-detection-across-the-solar-system | thomasr25/global-events-quakeml-m3-last-5-years | brtnsmth/intraday-market-data | meeAtif/hadith_datasets,darkmatternet/global-earthquake-history-1m-since-1900 | thomasr25/global-events-quakeml-m3-last-5-years
eq004,Are there publicly available datasets that include both major and minor earthquake occurrences with detailed seismic measurements?,earth_science,hybrid,english_e5,all,5,3,2,0.4,0.6666666666666666,0.5,0.5307212739772434,mh0386/seismic-detection-across-the-solar-system | darkmatternet/global-earthquake-history-1m-since-1900 | thomasr25/global-events-quakeml-m3-last-5-years | Sakil/DPO_dataset | lerobot/libero,darkmatternet/global-earthquake-history-1m-since-1900 | thomasr25/global-events-quakeml-m3-last-5-years
eq005,I want to find a dataset that provides long-term seismic activity data to study trends and frequency of earthquakes in different regions.,earth_science,semantic,english_e5,all,5,3,2,0.4,0.6666666666666666,0.25,0.38364913903790027,lerobot/svla_so101_pickplace | mh0386/seismic-detection-across-the-solar-system | lerobot/libero | thomasr25/global-events-quakeml-m3-last-5-years | darkmatternet/global-earthquake-history-1m-since-1900,thomasr25/global-events-quakeml-m3-last-5-years | darkmatternet/global-earthquake-history-1m-since-1900
eq005,I want to find a dataset that provides long-term seismic activity data to study trends and frequency of earthquakes in different regions.,earth_science,bm25,english_e5,all,5,3,2,0.4,0.6666666666666666,0.3333333333333333,0.4367467095119258,samoilovmikhail/ocean-buoys-data-1980-2025 | nelgiriyewithana/indian-weather-repository-daily-snapshot | bwandowando/earthquakes-around-the-world-from-1900-2025 | darkmatternet/global-earthquake-history-1m-since-1900 | pholenk/eod-data-indonesia-stock-exchange,bwandowando/earthquakes-around-the-world-from-1900-2025 | darkmatternet/global-earthquake-history-1m-since-1900
eq005,I want to find a dataset that provides long-term seismic activity data to study trends and frequency of earthquakes in different regions.,earth_science,hybrid,english_e5,all,5,3,3,0.6,1.0,1.0,0.8529278650606567,bwandowando/earthquakes-around-the-world-from-1900-2025 | samoilovmikhail/ocean-buoys-data-1980-2025 | mh0386/seismic-detection-across-the-solar-system | darkmatternet/global-earthquake-history-1m-since-1900 | thomasr25/global-events-quakeml-m3-last-5-years,bwandowando/earthquakes-around-the-world-from-1900-2025 | darkmatternet/global-earthquake-history-1m-since-1900 | thomasr25/global-events-quakeml-m3-last-5-years
eq006,Do you know any dataset that combines earthquake data with environmental or geological features like fault lines or soil type?,earth_science,semantic,english_e5,all,5,2,0,0.0,0.0,0.0,0.0,sankalp102/albone-dataset | varunsaxena16/landslide-detection-dataset | adaluodaa/agg-log-dataset | jonmhong/stackoverflow2016 | manrajsinghgill/melbourne-house-modified-dataset,
eq006,Do you know any dataset that combines earthquake data with environmental or geological features like fault lines or soil type?,earth_science,bm25,english_e5,all,5,2,2,0.4,1.0,0.3333333333333333,0.5437713091520254,vatsal2110/preprocessed | yifanxie/telstra-competition-dataset | bwandowando/earthquakes-around-the-world-from-1900-2025 | edgarco11/campaign-affiliate-data | darkmatternet/global-earthquake-history-1m-since-1900,bwandowando/earthquakes-around-the-world-from-1900-2025 | darkmatternet/global-earthquake-history-1m-since-1900
eq006,Do you know any dataset that combines earthquake data with environmental or geological features like fault lines or soil type?,earth_science,hybrid,english_e5,all,5,2,1,0.2,0.5,1.0,0.6131471927654584,bwandowando/earthquakes-around-the-world-from-1900-2025 | adaluodaa/agg-log-dataset | sankalp102/albone-dataset | yifanxie/telstra-competition-dataset | jonmhong/stackoverflow2016,bwandowando/earthquakes-around-the-world-from-1900-2025
eq007,I'm searching for a dataset that contains real-time or near real-time earthquake monitoring data with updates.,earth_science,semantic,english_e5,all,5,2,2,0.4,1.0,1.0,0.8772153153380493,thomasr25/global-events-quakeml-m3-last-5-years | adamnik/event_detection_dataset | lerobot/libero | darkmatternet/global-earthquake-history-1m-since-1900 | Sakil/DPO_dataset,thomasr25/global-events-quakeml-m3-last-5-years | darkmatternet/global-earthquake-history-1m-since-1900
eq007,I'm searching for a dataset that contains real-time or near real-time earthquake monitoring data with updates.,earth_science,bm25,english_e5,all,5,2,1,0.2,0.5,0.2,0.23719771276929622,Real-TSF/TIME | brtnsmth/intraday-market-data | faebs94/noboom-anomaly-detection-in-chemical-processes | douglaskgaraujo/opportunity-insights-real-time-economic-tracker-us | darkmatternet/global-earthquake-history-1m-since-1900,darkmatternet/global-earthquake-history-1m-since-1900
eq007,I'm searching for a dataset that contains real-time or near real-time earthquake monitoring data with updates.,earth_science,hybrid,english_e5,all,5,2,2,0.4,1.0,0.5,0.6934264036172708,Real-TSF/TIME | thomasr25/global-events-quakeml-m3-last-5-years | darkmatternet/global-earthquake-history-1m-since-1900 | douglaskgaraujo/opportunity-insights-real-time-economic-tracker-us | brtnsmth/intraday-market-data,thomasr25/global-events-quakeml-m3-last-5-years | darkmatternet/global-earthquake-history-1m-since-1900
eq008,Is there a dataset that includes historical earthquake damage reports along with seismic event data?,earth_science,semantic,english_e5,all,5,2,1,0.2,0.5,0.3333333333333333,0.3065735963827292,adamnik/event_detection_dataset | thomasr25/global-events-quakeml-m3-last-5-years | darkmatternet/global-earthquake-history-1m-since-1900 | mh0386/seismic-detection-across-the-solar-system | Sakil/DPO_dataset,darkmatternet/global-earthquake-history-1m-since-1900
eq008,Is there a dataset that includes historical earthquake damage reports along with seismic event data?,earth_science,bm25,english_e5,all,5,2,2,0.4,1.0,1.0,0.9197207891481876,darkmatternet/global-earthquake-history-1m-since-1900 | thomasr25/global-events-quakeml-m3-last-5-years | bwandowando/earthquakes-around-the-world-from-1900-2025 | mh0386/seismic-detection-across-the-solar-system | adamnik/event_detection_dataset,darkmatternet/global-earthquake-history-1m-since-1900 | bwandowando/earthquakes-around-the-world-from-1900-2025
eq008,Is there a dataset that includes historical earthquake damage reports along with seismic event data?,earth_science,hybrid,english_e5,all,5,2,2,0.4,1.0,1.0,0.8503449055347546,darkmatternet/global-earthquake-history-1m-since-1900 | thomasr25/global-events-quakeml-m3-last-5-years | adamnik/event_detection_dataset | mh0386/seismic-detection-across-the-solar-system | bwandowando/earthquakes-around-the-world-from-1900-2025,darkmatternet/global-earthquake-history-1m-since-1900 | bwandowando/earthquakes-around-the-world-from-1900-2025
eq009,I need earthquake-related data that also includes tsunami events or other secondary natural disasters triggered by seismic activity.,earth_science,semantic,english_e5,all,5,3,2,0.4,0.6666666666666666,0.3333333333333333,0.4367467095119258,lerobot/svla_so101_pickplace | lerobot/libero | darkmatternet/global-earthquake-history-1m-since-1900 | thomasr25/global-events-quakeml-m3-last-5-years | community-datasets/disaster_response_messages,darkmatternet/global-earthquake-history-1m-since-1900 | thomasr25/global-events-quakeml-m3-last-5-years
eq009,I need earthquake-related data that also includes tsunami events or other secondary natural disasters triggered by seismic activity.,earth_science,bm25,english_e5,all,5,3,3,0.6,1.0,1.0,1.0,darkmatternet/global-earthquake-history-1m-since-1900 | thomasr25/global-events-quakeml-m3-last-5-years | bwandowando/earthquakes-around-the-world-from-1900-2025 | joebeachcapital/the-economists-ukraine-war-fire-daily-update | physionet/physionetchallenge2026data,darkmatternet/global-earthquake-history-1m-since-1900 | thomasr25/global-events-quakeml-m3-last-5-years | bwandowando/earthquakes-around-the-world-from-1900-2025
eq009,I need earthquake-related data that also includes tsunami events or other secondary natural disasters triggered by seismic activity.,earth_science,hybrid,english_e5,all,5,3,3,0.6,1.0,1.0,1.0,darkmatternet/global-earthquake-history-1m-since-1900 | thomasr25/global-events-quakeml-m3-last-5-years | bwandowando/earthquakes-around-the-world-from-1900-2025 | mh0386/seismic-detection-across-the-solar-system | lerobot/svla_so101_pickplace,darkmatternet/global-earthquake-history-1m-since-1900 | thomasr25/global-events-quakeml-m3-last-5-years | bwandowando/earthquakes-around-the-world-from-1900-2025
eq010,Can you suggest a dataset that includes earthquake intensity scales (like Richter or Moment Magnitude) and related metadata?,earth_science,semantic,english_e5,all,5,3,2,0.4,0.6666666666666666,1.0,0.6713860725233041,thomasr25/global-events-quakeml-m3-last-5-years | lerobot/libero | lerobot/svla_so101_pickplace | darkmatternet/global-earthquake-history-1m-since-1900 | kr-cen/MICo-150K,thomasr25/global-events-quakeml-m3-last-5-years | darkmatternet/global-earthquake-history-1m-since-1900
eq010,Can you suggest a dataset that includes earthquake intensity scales (like Richter or Moment Magnitude) and related metadata?,earth_science,bm25,english_e5,all,5,3,3,0.6,1.0,1.0,1.0,darkmatternet/global-earthquake-history-1m-since-1900 | bwandowando/earthquakes-around-the-world-from-1900-2025 | thomasr25/global-events-quakeml-m3-last-5-years | mathurinache/cmu-mosi | verracodeguacas/sec-edgar-filings-index,darkmatternet/global-earthquake-history-1m-since-1900 | bwandowando/earthquakes-around-the-world-from-1900-2025 | thomasr25/global-events-quakeml-m3-last-5-years
eq010,Can you suggest a dataset that includes earthquake intensity scales (like Richter or Moment Magnitude) and related metadata?,earth_science,hybrid,english_e5,all,5,3,3,0.6,1.0,1.0,1.0,darkmatternet/global-earthquake-history-1m-since-1900 | thomasr25/global-events-quakeml-m3-last-5-years | bwandowando/earthquakes-around-the-world-from-1900-2025 | kr-cen/MICo-150K | lerobot/libero,darkmatternet/global-earthquake-history-1m-since-1900 | thomasr25/global-events-quakeml-m3-last-5-years | bwandowando/earthquakes-around-the-world-from-1900-2025
